timestamp,location_id,latitude,longitude,road_name,road_type,speed_limit,lane_count,direction,vehicle_count,speed,congestion_level,vehicle_type,delay_time,accident_reported,accident_severity,weather_condition,road_condition,temperature_c,signal_status,special_event,emergency_vehicle,time_of_day,day_of_week
11/13/2024,ILP_UE68_N_KM42,5.8520355,-55.2038278,I-95 South,Rural,59.1,2,ex- EastBound,192,194,Medium,Bus,15 minutes,Yes,Fatal/Injury/Property Damage,Rain/Snow/Clear/Fog,Dry/Wet/Icy/Potholes,-2.7,Yellow,NO,Yes,Peak,Weekend
4/28/2024,ERPX_GS93_N_KM5,-9.9935309,-77.5862992,I-80 West,Urban,34.3,4,ex- EastBound,346,21,Severe,,5 minutes,Yes,Fatal/Injury/Property Damage,Rain/Snow/Clear/Fog,Dry/Wet/Icy/Potholes,14.2,Green,Yes,Yes,Night,Weekend
01-03-2024,JWEL_JZ62_N_KM93,48.2162668,23.3302946,I-90 East,ex-highway,76.7,4,ex- WestBound,725,183,Low,2-wheeler,30 minutes,Yes,Fatal/Injury/Property Damage,Rain/Snow/Clear/Fog,Dry/Wet/Icy/Potholes,-17.5,Yellow,NO,NO,Off-Peak,Weekday
7/13/2024,EJ_AB03_N_KM44,52.2861138,20.8081804,I-95 South,Rural,35.6,3,ex- EastBound,284,46,Severe,Bus,30 minutes,Yes,Fatal/Injury/Property Damage,Rain/Snow/Clear/Fog,Dry/Wet/Icy/Potholes,9.8,Red,Yes,NO,Peak,Weekday
07-06-2025,LW_KV77_N_KM9,18.1741581,-78.0295273,I-90 West,ex-highway,30.7,5,ex- SouthBound,440,213,Severe,Car,15 minutes,Yes,Fatal/Injury/Property Damage,Rain/Snow/Clear/Fog,Dry/Wet/Icy/Potholes,-13.7,Red,NO,NO,Night,Weekend
5/18/2025,WTX_YY30_N_KM87,55.6782044,12.5720689,I-95 North,Rural,25.9,3,ex- SouthBound,109,211,High,truck,5 minutes,Yes,Fatal/Injury/Property Damage,Rain/Snow/Clear/Fog,Dry/Wet/Icy/Potholes,-14.3,Yellow,Yes,NO,Off-Peak,Weekend
09-10-2024,WF_QM62_N_KM1,-6.162959,35.7516069,I-95 South,Rural,37.7,3,ex- EastBound,193,41,High,Car,1 hour,Yes,Fatal/Injury/Property Damage,Rain/Snow/Clear/Fog,Dry/Wet/Icy/Potholes,21.1,Green,Yes,Yes,Off-Peak,Weekday
08-11-2024,MZ_JX12_N_KM74,16.9691793,104.5311438,I-90 West,Urban,44.8,2,ex- NorthBound,511,182,Severe,2-wheeler,5 minutes,Yes,Fatal/Injury/Property Damage,Rain/Snow/Clear/Fog,Dry/Wet/Icy/Potholes,23.8,Green,Yes,NO,Night,Weekday
2/15/2025,SRXQ_IT09_N_KM2,31.920658,120.284938,I-80 East,ex-highway,23.4,3,ex- WestBound,652,165,Medium,Bus,2 hours,Yes,Fatal/Injury/Property Damage,Rain/Snow/Clear/Fog,Dry/Wet/Icy/Potholes,8.7,Yellow,NO,NO,Peak,Weekday
4/29/2024,SL_QR24_N_KM6,-17.5495741,-149.7905619,I-95 North,Urban,25.2,3,ex- EastBound,760,113,Severe,2-wheeler,30 minutes,No,Fatal/Injury/Property Damage,Rain/Snow/Clear/Fog,Dry/Wet/Icy/Potholes,4.9,Green,NO,Yes,Peak,Weekday
11/16/2024,TI_UF66_N_KM96,45.1604718,14.7725567,I-95 South,ex-highway,59.8,5,ex- SouthBound,250,26,Low,truck,2 hours,Yes,Fatal/Injury/Property Damage,Rain/Snow/Clear/Fog,Dry/Wet/Icy/Potholes,-12.5,Yellow,NO,Yes,Peak,Weekend
03-11-2024,JVO_WF00_N_KM3,40.0158487,116.4551375,I-80 West,ex-highway,36.3,3,ex- WestBound,471,151,Medium,truck,30 minutes,No,Fatal/Injury/Property Damage,Rain/Snow/Clear/Fog,Dry/Wet/Icy/Potholes,13.8,Red,NO,Yes,Off-Peak,Weekday
05-07-2024,SN_CF32_N_KM6,47.6126,107.0219496,I-90 West,ex-highway,25.7,2,ex- WestBound,795,152,Medium,,30 minutes,No,Fatal/Injury/Property Damage,Rain/Snow/Clear/Fog,Dry/Wet/Icy/Potholes,27.8,Red,Yes,NO,Night,Weekend
04-09-2024,EKE_MZ76_N_KM9,14.0228518,100.2151578,I-95 North,ex-highway,46.8,3,ex- EastBound,872,188,High,Bus,2 hours,No,Fatal/Injury/Property Damage,Rain/Snow/Clear/Fog,Dry/Wet/Icy/Potholes,37.5,Yellow,NO,Yes,Night,Weekday
5/20/2024,OWYD_BE68_N_KM85,-8.1913524,114.678669,I-95 South,Urban,53.7,4,ex- NorthBound,203,90,High,Car,30 minutes,No,Fatal/Injury/Property Damage,Rain/Snow/Clear/Fog,Dry/Wet/Icy/Potholes,22.4,Yellow,Yes,NO,Peak,Weekday
5/17/2024,ZC_AW18_N_KM3,28.2068263,68.3682111,I-90 East,Rural,41.6,4,ex- EastBound,276,180,High,2-wheeler,5 minutes,Yes,Fatal/Injury/Property Damage,Rain/Snow/Clear/Fog,Dry/Wet/Icy/Potholes,43.4,Yellow,NO,NO,Night,Weekend
11/21/2024,UR_RB36_N_KM71,17.6425736,-61.8204456,I-90 East,Rural,24.6,3,ex- SouthBound,379,20,High,truck,5 minutes,Yes,Fatal/Injury/Property Damage,Rain/Snow/Clear/Fog,Dry/Wet/Icy/Potholes,26.4,Red,Yes,NO,Peak,Weekday
4/21/2024,WAUX_PP94_N_KM76,45.950582,128.043465,I-80 East,ex-highway,42.3,1,ex- SouthBound,316,111,Medium,Car,30 minutes,No,Fatal/Injury/Property Damage,Rain/Snow/Clear/Fog,Dry/Wet/Icy/Potholes,21.7,Red,Yes,Yes,Peak,Weekend
12/21/2024,DFHL_LS70_N_KM4,35.7797381,-80.7087609,I-90 West,Urban,63.2,4,ex- EastBound,267,196,Medium,,2 hours,Yes,Fatal/Injury/Property Damage,Rain/Snow/Clear/Fog,Dry/Wet/Icy/Potholes,37.8,Yellow,NO,NO,Off-Peak,Weekday
5/26/2025,TYN_NS29_N_KM50,52.3323097,6.6372501,I-90 West,ex-highway,71,3,ex- SouthBound,394,51,High,Bus,5 minutes,Yes,Fatal/Injury/Property Damage,Rain/Snow/Clear/Fog,Dry/Wet/Icy/Potholes,5.5,Yellow,Yes,NO,Night,Weekend
10/13/2024,GOPT_AD73_N_KM8,18.4489182,-69.9865207,I-90 West,ex-highway,47.6,2,ex- SouthBound,372,155,High,truck,2 hours,Yes,Fatal/Injury/Property Damage,Rain/Snow/Clear/Fog,Dry/Wet/Icy/Potholes,10.7,Red,NO,Yes,Off-Peak,Weekday
06-10-2024,JQ_AA24_N_KM64,-18.7190705,-39.856734,I-90 West,ex-highway,40.9,4,ex- NorthBound,121,40,Medium,2-wheeler,2 hours,No,Fatal/Injury/Property Damage,Rain/Snow/Clear/Fog,Dry/Wet/Icy/Potholes,-5.8,Green,NO,NO,Off-Peak,Weekday
1/28/2025,MTO_NF51_N_KM79,8.662577,-75.128872,I-95 North,Urban,34.4,5,ex- WestBound,780,114,High,2-wheeler,5 minutes,No,Fatal/Injury/Property Damage,Rain/Snow/Clear/Fog,Dry/Wet/Icy/Potholes,36.3,Green,Yes,Yes,Peak,Weekend
1/23/2024,NED_GZ91_N_KM8,45.0818466,18.3957811,I-80 East,ex-highway,55.8,3,ex- NorthBound,77,102,High,Bus,5 minutes,No,Fatal/Injury/Property Damage,Rain/Snow/Clear/Fog,Dry/Wet/Icy/Potholes,-13.8,Red,NO,NO,Peak,Weekday
07-02-2024,MPJ_TX55_N_KM0,-22.5306158,-52.1708052,I-90 East,Rural,77.3,2,ex- NorthBound,109,124,High,Bus,2 hours,Yes,Fatal/Injury/Property Damage,Rain/Snow/Clear/Fog,Dry/Wet/Icy/Potholes,23.4,Green,NO,NO,Night,Weekend
12/31/2024,ZAR_HS20_N_KM39,37.2944409,62.3682506,I-95 South,ex-highway,38.4,1,ex- SouthBound,42,149,High,2-wheeler,1 hour,Yes,Fatal/Injury/Property Damage,Rain/Snow/Clear/Fog,Dry/Wet/Icy/Potholes,-8.5,Red,Yes,NO,Peak,Weekend
01-12-2025,SC_LO27_N_KM74,49.1063903,17.164335,I-80 West,Urban,61.2,2,ex- NorthBound,219,86,Medium,Bus,30 minutes,No,Fatal/Injury/Property Damage,Rain/Snow/Clear/Fog,Dry/Wet/Icy/Potholes,4.6,Green,Yes,Yes,Off-Peak,Weekday
5/31/2025,OHLG_QM06_N_KM9,35.662808,140.164927,I-95 South,ex-highway,37,1,ex- EastBound,303,146,Low,,30 minutes,Yes,Fatal/Injury/Property Damage,Rain/Snow/Clear/Fog,Dry/Wet/Icy/Potholes,-8.6,Red,Yes,NO,Peak,Weekend
05-01-2024,BJ_RT86_N_KM4,53.948639,46.6995979,I-95 South,Urban,62.1,4,ex- EastBound,320,112,Low,2-wheeler,15 minutes,Yes,Fatal/Injury/Property Damage,Rain/Snow/Clear/Fog,Dry/Wet/Icy/Potholes,5.4,Yellow,NO,NO,Peak,Weekend
12/16/2024,VB_DM65_N_KM35,62.4729446,17.4155753,I-80 East,Rural,40.9,4,ex- NorthBound,772,217,Severe,Car,5 minutes,No,Fatal/Injury/Property Damage,Rain/Snow/Clear/Fog,Dry/Wet/Icy/Potholes,23.7,Red,Yes,Yes,Off-Peak,Weekday
2/15/2024,TNY_II33_N_KM9,-9.594324,124.1754442,I-80 East,ex-highway,76.3,3,ex- SouthBound,461,139,Medium,truck,15 minutes,Yes,Fatal/Injury/Property Damage,Rain/Snow/Clear/Fog,Dry/Wet/Icy/Potholes,-18.3,Yellow,NO,NO,Off-Peak,Weekend
9/23/2024,TGP_GH21_N_KM4,45.7738831,-73.9771044,I-80 East,ex-highway,26.3,1,ex- NorthBound,557,40,Low,truck,30 minutes,No,Fatal/Injury/Property Damage,Rain/Snow/Clear/Fog,Dry/Wet/Icy/Potholes,41.9,Green,Yes,NO,Night,Weekday
4/18/2024,WYNM_IG22_N_KM74,22.4217587,89.0445636,I-90 West,Urban,37.3,2,ex- NorthBound,30,144,Low,,5 minutes,No,Fatal/Injury/Property Damage,Rain/Snow/Clear/Fog,Dry/Wet/Icy/Potholes,32.9,Red,Yes,NO,Peak,Weekday
12/22/2024,BHV_DS62_N_KM27,21.938859,108.657209,I-90 East,Urban,75.9,5,ex- EastBound,285,79,High,truck,1 hour,No,Fatal/Injury/Property Damage,Rain/Snow/Clear/Fog,Dry/Wet/Icy/Potholes,27.8,Red,NO,NO,Off-Peak,Weekend
8/30/2024,FRZ_GC46_N_KM5,-7.6469193,112.8999225,I-90 West,Urban,21.7,1,ex- EastBound,797,64,High,Car,2 hours,Yes,Fatal/Injury/Property Damage,Rain/Snow/Clear/Fog,Dry/Wet/Icy/Potholes,-5.5,Yellow,Yes,Yes,Peak,Weekday
03-04-2024,FA_PE43_N_KM82,41.5370005,-6.9617993,I-95 South,ex-highway,70.8,2,ex- WestBound,638,63,Medium,2-wheeler,5 minutes,Yes,Fatal/Injury/Property Damage,Rain/Snow/Clear/Fog,Dry/Wet/Icy/Potholes,18.6,Red,NO,NO,Peak,Weekday
1/29/2024,JND_MK09_N_KM94,38.5872939,-9.179952,I-80 East,Urban,21.5,2,ex- WestBound,162,65,Severe,Car,1 hour,Yes,Fatal/Injury/Property Damage,Rain/Snow/Clear/Fog,Dry/Wet/Icy/Potholes,5.7,Red,Yes,Yes,Peak,Weekday
10/19/2024,FNE_FX00_N_KM6,40.5470957,-8.7012507,I-80 West,ex-highway,73.4,5,ex- NorthBound,305,55,Medium,truck,1 hour,No,Fatal/Injury/Property Damage,Rain/Snow/Clear/Fog,Dry/Wet/Icy/Potholes,-9.1,Red,Yes,Yes,Peak,Weekday
2/21/2024,CV_RO52_N_KM9,32.460037,112.228897,I-80 West,ex-highway,25.9,1,ex- SouthBound,636,89,Medium,Car,1 hour,No,Fatal/Injury/Property Damage,Rain/Snow/Clear/Fog,Dry/Wet/Icy/Potholes,36.9,Red,NO,NO,Peak,Weekend
2/18/2025,BUI_LP96_N_KM2,35.3740182,36.6012942,I-90 East,Urban,52.9,4,ex- WestBound,851,56,High,2-wheeler,1 hour,No,Fatal/Injury/Property Damage,Rain/Snow/Clear/Fog,Dry/Wet/Icy/Potholes,4,Red,NO,NO,Peak,Weekday
4/14/2024,VERB_NK00_N_KM25,32.101031,114.125656,I-90 West,ex-highway,46.4,2,ex- EastBound,541,196,Medium,Bus,5 minutes,Yes,Fatal/Injury/Property Damage,Rain/Snow/Clear/Fog,Dry/Wet/Icy/Potholes,28.1,Green,NO,Yes,Night,Weekend
2/18/2024,YYY_OH73_N_KM49,6.9787414,79.9310946,I-95 North,Rural,76.3,5,ex- NorthBound,132,98,Severe,,15 minutes,No,Fatal/Injury/Property Damage,Rain/Snow/Clear/Fog,Dry/Wet/Icy/Potholes,13.5,Yellow,NO,NO,Peak,Weekend
04-09-2025,EZR_XN52_N_KM1,9.9648655,-71.1329685,I-80 West,Urban,73,2,ex- EastBound,143,171,Low,2-wheeler,2 hours,No,Fatal/Injury/Property Damage,Rain/Snow/Clear/Fog,Dry/Wet/Icy/Potholes,-5.4,Green,Yes,NO,Peak,Weekend
4/20/2025,ZK_TL43_N_KM38,51.0515566,2.3605584,I-90 East,Urban,64.8,4,ex- EastBound,884,49,Medium,truck,5 minutes,No,Fatal/Injury/Property Damage,Rain/Snow/Clear/Fog,Dry/Wet/Icy/Potholes,10,Green,Yes,Yes,Night,Weekend
10-06-2024,MEB_KH05_N_KM34,45.203406,5.764182,I-90 West,Urban,45,5,ex- SouthBound,657,86,High,truck,15 minutes,Yes,Fatal/Injury/Property Damage,Rain/Snow/Clear/Fog,Dry/Wet/Icy/Potholes,24.6,Yellow,NO,NO,Peak,Weekend
04-11-2025,JX_GC27_N_KM81,52.0264758,21.8107747,I-95 South,ex-highway,37.3,4,ex- WestBound,544,73,High,truck,5 minutes,No,Fatal/Injury/Property Damage,Rain/Snow/Clear/Fog,Dry/Wet/Icy/Potholes,9,Red,NO,Yes,Off-Peak,Weekday
3/23/2024,YIB_DC55_N_KM89,39.1442379,23.8641946,I-95 South,Rural,35.4,5,ex- WestBound,273,216,Severe,,1 hour,Yes,Fatal/Injury/Property Damage,Rain/Snow/Clear/Fog,Dry/Wet/Icy/Potholes,-14.9,Green,NO,Yes,Night,Weekday
01-09-2024,NC_BT82_N_KM49,44.7016194,4.5805038,I-90 West,ex-highway,28.2,2,ex- EastBound,599,175,High,2-wheeler,2 hours,No,Fatal/Injury/Property Damage,Rain/Snow/Clear/Fog,Dry/Wet/Icy/Potholes,19.6,Red,NO,NO,Peak,Weekend
6/15/2025,OF_CQ86_N_KM0,14.2811192,-88.2424674,I-95 North,ex-highway,74.4,2,ex- SouthBound,466,170,Low,2-wheeler,30 minutes,Yes,Fatal/Injury/Property Damage,Rain/Snow/Clear/Fog,Dry/Wet/Icy/Potholes,33.5,Green,Yes,NO,Off-Peak,Weekend
12/23/2024,ITN_BC39_N_KM2,56.0297222,37.1691666,I-95 South,Rural,66.3,3,ex- WestBound,458,31,Low,2-wheeler,5 minutes,No,Fatal/Injury/Property Damage,Rain/Snow/Clear/Fog,Dry/Wet/Icy/Potholes,-1.1,Green,NO,Yes,Peak,Weekend
1/16/2024,QHMF_IH61_N_KM1,51.7106121,46.7484815,I-95 North,Urban,42.4,3,ex- EastBound,266,185,Medium,2-wheeler,2 hours,No,Fatal/Injury/Property Damage,Rain/Snow/Clear/Fog,Dry/Wet/Icy/Potholes,15.5,Red,NO,Yes,Night,Weekday
11/15/2024,ICS_IR36_N_KM4,37.7621762,-25.5651478,I-95 North,Rural,40.6,5,ex- NorthBound,426,28,Medium,Bus,1 hour,No,Fatal/Injury/Property Damage,Rain/Snow/Clear/Fog,Dry/Wet/Icy/Potholes,-18.8,Yellow,NO,Yes,Peak,Weekday
06-11-2024,YP_YH27_N_KM52,48.737247,39.2311974,I-90 East,ex-highway,43.4,1,ex- WestBound,137,192,Low,Car,15 minutes,Yes,Fatal/Injury/Property Damage,Rain/Snow/Clear/Fog,Dry/Wet/Icy/Potholes,-2.1,Yellow,NO,Yes,Peak,Weekday
11/28/2024,KQLM_FQ89_N_KM15,17.9670882,104.0444828,I-95 South,ex-highway,39.1,2,ex- SouthBound,838,131,Severe,,15 minutes,Yes,Fatal/Injury/Property Damage,Rain/Snow/Clear/Fog,Dry/Wet/Icy/Potholes,-19.2,Red,NO,NO,Night,Weekend
2/16/2024,QTQ_LA52_N_KM04,2.481207,-76.6990172,I-95 North,Urban,53.3,4,ex- NorthBound,795,211,High,Car,5 minutes,Yes,Fatal/Injury/Property Damage,Rain/Snow/Clear/Fog,Dry/Wet/Icy/Potholes,21.5,Green,NO,NO,Peak,Weekday
02-07-2025,XU_AX69_N_KM16,-33.3106292,26.5255946,I-95 North,ex-highway,54.5,3,ex- WestBound,685,189,High,Car,15 minutes,Yes,Fatal/Injury/Property Damage,Rain/Snow/Clear/Fog,Dry/Wet/Icy/Potholes,-4.5,Yellow,NO,Yes,Night,Weekend
6/26/2025,NRL_SZ73_N_KM5,-8.3162866,113.4686802,I-80 West,Urban,67.9,1,ex- EastBound,150,43,Severe,2-wheeler,2 hours,No,Fatal/Injury/Property Damage,Rain/Snow/Clear/Fog,Dry/Wet/Icy/Potholes,-10.7,Yellow,Yes,NO,Off-Peak,Weekday
04-03-2024,VHS_LJ83_N_KM03,-5.0979659,105.3467822,I-95 South,Urban,36,2,ex- WestBound,294,196,High,Car,5 minutes,No,Fatal/Injury/Property Damage,Rain/Snow/Clear/Fog,Dry/Wet/Icy/Potholes,6.8,Yellow,NO,NO,Night,Weekday
11/18/2024,OG_VG59_N_KM74,26.855047,100.22775,I-80 West,Rural,65.9,5,ex- EastBound,508,217,Medium,,5 minutes,No,Fatal/Injury/Property Damage,Rain/Snow/Clear/Fog,Dry/Wet/Icy/Potholes,21.9,Red,NO,Yes,Peak,Weekend
5/23/2025,YFCN_EM61_N_KM7,-23.4543148,-46.5336521,I-80 East,Rural,41.3,5,ex- NorthBound,789,94,Low,2-wheeler,2 hours,No,Fatal/Injury/Property Damage,Rain/Snow/Clear/Fog,Dry/Wet/Icy/Potholes,35.6,Green,NO,Yes,Night,Weekend
01-01-2025,JK_YG50_N_KM14,5.98111,121.21472,I-95 South,Urban,35.7,5,ex- WestBound,395,193,Low,Car,2 hours,No,Fatal/Injury/Property Damage,Rain/Snow/Clear/Fog,Dry/Wet/Icy/Potholes,0.6,Green,Yes,NO,Peak,Weekend
2/27/2024,KM_EP62_N_KM8,43.331546,27.5912198,I-80 East,Urban,24.2,2,ex- SouthBound,661,127,High,Bus,30 minutes,Yes,Fatal/Injury/Property Damage,Rain/Snow/Clear/Fog,Dry/Wet/Icy/Potholes,7.7,Yellow,NO,NO,Peak,Weekday
9/17/2024,BPLV_CW06_N_KM24,28.534704,106.864861,I-80 West,Rural,38.5,2,ex- WestBound,608,166,Severe,Car,2 hours,No,Fatal/Injury/Property Damage,Rain/Snow/Clear/Fog,Dry/Wet/Icy/Potholes,-12.6,Green,Yes,NO,Peak,Weekend
7/19/2024,VYLN_CK82_N_KM0,14.5919106,121.0228804,I-95 South,Rural,40.1,4,ex- NorthBound,860,140,Low,truck,5 minutes,No,Fatal/Injury/Property Damage,Rain/Snow/Clear/Fog,Dry/Wet/Icy/Potholes,-11.3,Red,Yes,NO,Night,Weekday
07-06-2024,DFKD_SB68_N_KM87,4.243113,117.893335,I-95 North,Rural,24.1,2,ex- WestBound,894,175,Low,truck,2 hours,Yes,Fatal/Injury/Property Damage,Rain/Snow/Clear/Fog,Dry/Wet/Icy/Potholes,13.8,Yellow,NO,Yes,Night,Weekday
01-08-2025,WWMW_ZC94_N_KM8,57.8287842,29.9634297,I-90 East,Urban,69,1,ex- NorthBound,552,172,Low,Bus,2 hours,No,Fatal/Injury/Property Damage,Rain/Snow/Clear/Fog,Dry/Wet/Icy/Potholes,14.5,Red,Yes,NO,Night,Weekday
01-06-2025,YAZ_IN71_N_KM88,59.3573881,17.7347802,I-95 North,ex-highway,36.4,1,ex- WestBound,673,33,Medium,2-wheeler,5 minutes,No,Fatal/Injury/Property Damage,Rain/Snow/Clear/Fog,Dry/Wet/Icy/Potholes,28.7,Yellow,Yes,Yes,Off-Peak,Weekday
9/28/2024,GZB_CL86_N_KM3,40.2166885,141.3014573,I-80 West,Urban,37.5,2,ex- WestBound,237,189,Severe,Bus,2 hours,Yes,Fatal/Injury/Property Damage,Rain/Snow/Clear/Fog,Dry/Wet/Icy/Potholes,36.2,Yellow,Yes,NO,Off-Peak,Weekend
10/27/2024,PB_RP14_N_KM4,48.1665542,27.6546469,I-90 West,Urban,34.5,5,ex- SouthBound,653,183,Low,,2 hours,No,Fatal/Injury/Property Damage,Rain/Snow/Clear/Fog,Dry/Wet/Icy/Potholes,25.1,Red,Yes,Yes,Night,Weekday
02-04-2025,AN_UZ82_N_KM50,48.0414975,25.6513963,I-95 North,ex-highway,44.3,3,ex- WestBound,808,57,High,Car,2 hours,No,Fatal/Injury/Property Damage,Rain/Snow/Clear/Fog,Dry/Wet/Icy/Potholes,-4,Red,NO,Yes,Night,Weekday
10/22/2024,OUQ_BK85_N_KM63,-8.3910094,120.3031871,I-95 North,Rural,35.5,2,ex- SouthBound,86,154,Severe,truck,30 minutes,No,Fatal/Injury/Property Damage,Rain/Snow/Clear/Fog,Dry/Wet/Icy/Potholes,36,Red,NO,Yes,Peak,Weekday
11/26/2024,OYN_MM27_N_KM6,14.6103278,121.0080574,I-80 East,ex-highway,27.5,1,ex- WestBound,746,158,High,2-wheeler,1 hour,No,Fatal/Injury/Property Damage,Rain/Snow/Clear/Fog,Dry/Wet/Icy/Potholes,-7.3,Green,Yes,NO,Peak,Weekday
02-06-2024,DZVN_DT67_N_KM11,-1.4391409,-46.3624686,I-95 South,Urban,51.5,3,ex- WestBound,262,111,High,Car,5 minutes,Yes,Fatal/Injury/Property Damage,Rain/Snow/Clear/Fog,Dry/Wet/Icy/Potholes,-1.9,Yellow,NO,NO,Off-Peak,Weekday
5/28/2024,QNKG_SR13_N_KM11,47.440449,19.1700809,I-95 North,ex-highway,23.2,2,ex- WestBound,883,101,Low,truck,1 hour,Yes,Fatal/Injury/Property Damage,Rain/Snow/Clear/Fog,Dry/Wet/Icy/Potholes,25.4,Green,NO,NO,Night,Weekday
5/20/2024,KR_YJ25_N_KM74,39.553172,98.981746,I-90 East,Urban,73.7,3,ex- EastBound,582,213,Severe,truck,2 hours,No,Fatal/Injury/Property Damage,Rain/Snow/Clear/Fog,Dry/Wet/Icy/Potholes,-3.1,Green,Yes,Yes,Night,Weekday
8/17/2024,GZ_RI62_N_KM6,-3.9984597,122.5129742,I-95 South,Rural,31.6,1,ex- NorthBound,170,30,Low,Bus,30 minutes,Yes,Fatal/Injury/Property Damage,Rain/Snow/Clear/Fog,Dry/Wet/Icy/Potholes,22.7,Green,Yes,NO,Night,Weekday
4/24/2025,WDS_DZ96_N_KM6,23.696329,117.433977,I-95 South,Rural,25.2,3,ex- SouthBound,141,81,High,Bus,15 minutes,No,Fatal/Injury/Property Damage,Rain/Snow/Clear/Fog,Dry/Wet/Icy/Potholes,-16.5,Yellow,Yes,NO,Night,Weekend
6/25/2025,ZUIN_GQ58_N_KM49,59.0897572,9.6973548,I-95 North,Urban,31.4,5,ex- WestBound,418,165,Low,2-wheeler,15 minutes,No,Fatal/Injury/Property Damage,Rain/Snow/Clear/Fog,Dry/Wet/Icy/Potholes,-9.5,Green,NO,Yes,Night,Weekday
6/26/2024,BRID_XQ78_N_KM4,42.4576548,-2.4407498,I-80 East,Urban,29.9,4,ex- SouthBound,466,131,High,Car,2 hours,Yes,Fatal/Injury/Property Damage,Rain/Snow/Clear/Fog,Dry/Wet/Icy/Potholes,-0.3,Green,NO,NO,Night,Weekday
04-10-2024,BQJ_UY70_N_KM10,46.08341,-62.88197,I-90 West,Rural,75.3,3,ex- EastBound,80,118,Severe,,1 hour,No,Fatal/Injury/Property Damage,Rain/Snow/Clear/Fog,Dry/Wet/Icy/Potholes,12.1,Yellow,NO,NO,Off-Peak,Weekend
9/24/2024,KXXU_LH59_N_KM3,-13.1562092,-72.5464495,I-95 North,ex-highway,57,1,ex- SouthBound,604,180,High,Car,2 hours,No,Fatal/Injury/Property Damage,Rain/Snow/Clear/Fog,Dry/Wet/Icy/Potholes,-17.6,Green,Yes,NO,Off-Peak,Weekend
10/26/2024,GF_XA94_N_KM22,51.6205979,17.8047355,I-95 North,ex-highway,56,1,ex- SouthBound,763,196,Severe,Bus,2 hours,Yes,Fatal/Injury/Property Damage,Rain/Snow/Clear/Fog,Dry/Wet/Icy/Potholes,37.8,Yellow,Yes,NO,Night,Weekend
6/25/2025,VTC_QV01_N_KM7,34.6982972,69.2758336,I-95 South,ex-highway,23.4,5,ex- NorthBound,660,118,Severe,Bus,5 minutes,Yes,Fatal/Injury/Property Damage,Rain/Snow/Clear/Fog,Dry/Wet/Icy/Potholes,18.6,Red,NO,Yes,Peak,Weekday
6/25/2024,ZGV_QB82_N_KM11,-13.4528458,-172.4041647,I-80 East,Urban,57.4,5,ex- EastBound,741,219,Low,Bus,15 minutes,Yes,Fatal/Injury/Property Damage,Rain/Snow/Clear/Fog,Dry/Wet/Icy/Potholes,11,Green,NO,Yes,Off-Peak,Weekend
03-12-2024,IX_GT09_N_KM00,59.3703069,16.5529968,I-90 East,ex-highway,49.4,4,ex- SouthBound,105,65,Low,2-wheeler,15 minutes,No,Fatal/Injury/Property Damage,Rain/Snow/Clear/Fog,Dry/Wet/Icy/Potholes,43.6,Yellow,Yes,NO,Night,Weekend
10-10-2024,BYJD_LI94_N_KM88,53.488087,-10.022186,I-90 West,Urban,76,3,ex- SouthBound,753,145,Low,Bus,15 minutes,Yes,Fatal/Injury/Property Damage,Rain/Snow/Clear/Fog,Dry/Wet/Icy/Potholes,19.6,Red,Yes,Yes,Off-Peak,Weekend
6/25/2024,PE_TX48_N_KM62,53.0319419,18.9576575,I-95 South,Rural,41,1,ex- SouthBound,566,176,Medium,2-wheeler,2 hours,Yes,Fatal/Injury/Property Damage,Rain/Snow/Clear/Fog,Dry/Wet/Icy/Potholes,34.2,Yellow,Yes,NO,Off-Peak,Weekday
6/17/2024,FW_JA72_N_KM5,45.4796482,18.1514065,I-95 North,ex-highway,50.2,4,ex- WestBound,621,121,Low,2-wheeler,15 minutes,Yes,Fatal/Injury/Property Damage,Rain/Snow/Clear/Fog,Dry/Wet/Icy/Potholes,43.2,Green,Yes,NO,Night,Weekend
9/27/2024,UC_WF74_N_KM47,14.8881276,101.7187284,I-90 East,ex-highway,31.1,2,ex- SouthBound,795,192,Medium,2-wheeler,1 hour,Yes,Fatal/Injury/Property Damage,Rain/Snow/Clear/Fog,Dry/Wet/Icy/Potholes,-1.3,Yellow,Yes,NO,Night,Weekend
4/14/2024,LKQZ_PU69_N_KM0,48.9582445,24.6800199,I-80 West,Rural,30.3,5,ex- EastBound,254,153,Medium,Car,15 minutes,Yes,Fatal/Injury/Property Damage,Rain/Snow/Clear/Fog,Dry/Wet/Icy/Potholes,9.6,Green,NO,NO,Peak,Weekday
10/30/2024,VA_FN83_N_KM35,-6.3079232,107.172085,I-80 East,Urban,52.6,5,ex- NorthBound,111,198,Low,Bus,2 hours,Yes,Fatal/Injury/Property Damage,Rain/Snow/Clear/Fog,Dry/Wet/Icy/Potholes,13.8,Yellow,NO,Yes,Peak,Weekday
5/18/2024,MQA_LP34_N_KM3,-27.5571934,-53.9759139,I-90 East,Urban,37.9,4,ex- NorthBound,518,67,Severe,,2 hours,Yes,Fatal/Injury/Property Damage,Rain/Snow/Clear/Fog,Dry/Wet/Icy/Potholes,-18.9,Red,Yes,Yes,Night,Weekend
5/30/2025,AK_NN37_N_KM2,29.584292,111.380014,I-90 West,ex-highway,60.6,3,ex- SouthBound,163,141,High,,30 minutes,Yes,Fatal/Injury/Property Damage,Rain/Snow/Clear/Fog,Dry/Wet/Icy/Potholes,13.2,Green,NO,Yes,Night,Weekday
08-04-2024,HC_VF26_N_KM8,-29.0563937,167.959588,I-80 East,Rural,49.2,5,ex- EastBound,707,195,Medium,,2 hours,No,Fatal/Injury/Property Damage,Rain/Snow/Clear/Fog,Dry/Wet/Icy/Potholes,14,Green,Yes,NO,Off-Peak,Weekend
09-07-2024,CVDT_DR68_N_KM71,-15.0139992,-69.3667194,I-90 East,Urban,74.3,3,ex- NorthBound,574,123,Medium,2-wheeler,2 hours,No,Fatal/Injury/Property Damage,Rain/Snow/Clear/Fog,Dry/Wet/Icy/Potholes,-16.7,Yellow,Yes,Yes,Night,Weekday
2/26/2024,MGRW_TQ04_N_KM6,51.3592968,110.4498687,I-90 West,Urban,48.3,3,ex- WestBound,640,107,Low,truck,2 hours,Yes,Fatal/Injury/Property Damage,Rain/Snow/Clear/Fog,Dry/Wet/Icy/Potholes,12.6,Green,Yes,Yes,Peak,Weekend
3/27/2024,BQA_JG16_N_KM0,14.6688068,121.1138058,I-95 South,Urban,50.3,4,ex- WestBound,320,182,High,truck,5 minutes,No,Fatal/Injury/Property Damage,Rain/Snow/Clear/Fog,Dry/Wet/Icy/Potholes,37.7,Green,Yes,Yes,Peak,Weekday
02-08-2025,VR_NA65_N_KM55,30.815101,103.560075,I-90 West,Rural,74.6,3,ex- SouthBound,773,149,Low,truck,2 hours,Yes,Fatal/Injury/Property Damage,Rain/Snow/Clear/Fog,Dry/Wet/Icy/Potholes,17.6,Yellow,NO,Yes,Peak,Weekend
4/21/2024,TKK_WF86_N_KM6,30.20856,120.211816,I-80 East,ex-highway,39.9,2,ex- EastBound,99,20,Low,2-wheeler,2 hours,Yes,Fatal/Injury/Property Damage,Rain/Snow/Clear/Fog,Dry/Wet/Icy/Potholes,41,Green,NO,NO,Peak,Weekday
6/30/2025,LF_VB88_N_KM3,46.8118134,-0.5451553,I-90 West,ex-highway,79.6,2,ex- WestBound,58,190,Medium,,1 hour,Yes,Fatal/Injury/Property Damage,Rain/Snow/Clear/Fog,Dry/Wet/Icy/Potholes,4.3,Green,NO,NO,Night,Weekend
02-05-2024,HD_EK21_N_KM4,50.7784708,16.0928295,I-95 South,Rural,22.9,3,ex- WestBound,654,113,Severe,2-wheeler,15 minutes,Yes,Fatal/Injury/Property Damage,Rain/Snow/Clear/Fog,Dry/Wet/Icy/Potholes,-13.2,Green,NO,NO,Off-Peak,Weekday
4/30/2024,EXDZ_CM82_N_KM83,17.460265,120.6085163,I-95 North,ex-highway,36,2,ex- SouthBound,890,76,Low,Car,15 minutes,No,Fatal/Injury/Property Damage,Rain/Snow/Clear/Fog,Dry/Wet/Icy/Potholes,3.9,Yellow,Yes,NO,Night,Weekday
01-11-2025,KN_RF85_N_KM03,35.3017596,139.8470483,I-80 East,Urban,55.9,3,ex- WestBound,847,107,High,2-wheeler,30 minutes,No,Fatal/Injury/Property Damage,Rain/Snow/Clear/Fog,Dry/Wet/Icy/Potholes,15.8,Green,Yes,NO,Peak,Weekend
6/19/2024,PMLD_YP86_N_KM07,45.149066,43.4277535,I-95 South,Rural,72.5,1,ex- SouthBound,452,102,High,2-wheeler,5 minutes,No,Fatal/Injury/Property Damage,Rain/Snow/Clear/Fog,Dry/Wet/Icy/Potholes,-8.5,Green,Yes,Yes,Off-Peak,Weekday
10/22/2024,IF_DW84_N_KM9,30.284562,122.086156,I-80 East,Urban,31.9,4,ex- WestBound,852,76,Medium,truck,1 hour,No,Fatal/Injury/Property Damage,Rain/Snow/Clear/Fog,Dry/Wet/Icy/Potholes,13.4,Red,NO,NO,Peak,Weekend
10/19/2024,EF_YA77_N_KM94,50.22892,-99.46642,I-90 West,ex-highway,71.8,3,ex- WestBound,860,146,High,Car,2 hours,No,Fatal/Injury/Property Damage,Rain/Snow/Clear/Fog,Dry/Wet/Icy/Potholes,-10.9,Yellow,Yes,Yes,Night,Weekend
9/30/2024,LGPI_SI19_N_KM20,31.1195391,31.9416226,I-90 East,Rural,29.5,5,ex- NorthBound,435,139,Medium,truck,2 hours,Yes,Fatal/Injury/Property Damage,Rain/Snow/Clear/Fog,Dry/Wet/Icy/Potholes,11.3,Yellow,NO,Yes,Off-Peak,Weekend
04-12-2025,RI_LO80_N_KM05,-6.4594857,105.9141793,I-80 East,ex-highway,62.7,3,ex- SouthBound,463,220,Medium,truck,2 hours,Yes,Fatal/Injury/Property Damage,Rain/Snow/Clear/Fog,Dry/Wet/Icy/Potholes,33.2,Green,NO,Yes,Night,Weekday
3/19/2025,JXZS_GH36_N_KM62,55.0121393,88.4665697,I-80 East,Rural,24,2,ex- SouthBound,860,92,Medium,,5 minutes,No,Fatal/Injury/Property Damage,Rain/Snow/Clear/Fog,Dry/Wet/Icy/Potholes,-16.2,Green,Yes,NO,Peak,Weekend
01-05-2024,TL_CL31_N_KM93,32.43155,116.514251,I-90 East,Rural,79.8,4,ex- EastBound,671,144,Severe,Bus,1 hour,Yes,Fatal/Injury/Property Damage,Rain/Snow/Clear/Fog,Dry/Wet/Icy/Potholes,20.6,Red,NO,NO,Peak,Weekday
05-04-2024,MYG_HY42_N_KM3,-17.5069121,30.9747258,I-95 South,Rural,69.7,2,ex- WestBound,750,95,Severe,truck,30 minutes,Yes,Fatal/Injury/Property Damage,Rain/Snow/Clear/Fog,Dry/Wet/Icy/Potholes,23,Red,Yes,Yes,Off-Peak,Weekend
01-08-2025,QZPA_CZ40_N_KM53,15.9082382,120.4291289,I-95 North,Rural,29.2,4,ex- EastBound,149,21,High,Car,15 minutes,No,Fatal/Injury/Property Damage,Rain/Snow/Clear/Fog,Dry/Wet/Icy/Potholes,4.8,Yellow,Yes,Yes,Peak,Weekend
3/19/2024,GZO_CR88_N_KM08,13.5333605,-87.0892702,I-95 North,ex-highway,26.8,4,ex- NorthBound,831,172,Medium,truck,30 minutes,No,Fatal/Injury/Property Damage,Rain/Snow/Clear/Fog,Dry/Wet/Icy/Potholes,14.4,Red,Yes,Yes,Peak,Weekday
11-04-2024,YWBA_NA95_N_KM1,0.2561666,102.1175404,I-95 South,Urban,34.7,1,ex- NorthBound,190,122,Severe,2-wheeler,1 hour,Yes,Fatal/Injury/Property Damage,Rain/Snow/Clear/Fog,Dry/Wet/Icy/Potholes,5.6,Red,NO,NO,Peak,Weekend
11/21/2024,BS_NF43_N_KM4,-7.0954176,110.6909294,I-95 South,ex-highway,45.7,5,ex- SouthBound,662,114,Medium,2-wheeler,15 minutes,Yes,Fatal/Injury/Property Damage,Rain/Snow/Clear/Fog,Dry/Wet/Icy/Potholes,-10.9,Green,NO,Yes,Night,Weekday
6/15/2025,FDCU_UT55_N_KM40,50.4086421,36.8953954,I-95 North,ex-highway,74,3,ex- WestBound,339,54,Low,truck,15 minutes,Yes,Fatal/Injury/Property Damage,Rain/Snow/Clear/Fog,Dry/Wet/Icy/Potholes,43.9,Red,NO,NO,Peak,Weekday
03-09-2025,FW_QF12_N_KM07,49.8564201,18.4660353,I-90 West,ex-highway,77.8,1,ex- SouthBound,850,51,High,Car,30 minutes,No,Fatal/Injury/Property Damage,Rain/Snow/Clear/Fog,Dry/Wet/Icy/Potholes,16.3,Yellow,NO,NO,Off-Peak,Weekday
8/23/2024,YUQR_RP14_N_KM01,45.1934857,5.7218985,I-80 West,Urban,64.6,2,ex- SouthBound,774,177,Severe,Bus,30 minutes,Yes,Fatal/Injury/Property Damage,Rain/Snow/Clear/Fog,Dry/Wet/Icy/Potholes,12.5,Green,NO,NO,Peak,Weekend
12-06-2024,ZMRJ_HT95_N_KM10,13.9434827,121.3691335,I-80 West,Urban,28.3,2,ex- SouthBound,485,131,Severe,2-wheeler,5 minutes,Yes,Fatal/Injury/Property Damage,Rain/Snow/Clear/Fog,Dry/Wet/Icy/Potholes,44.9,Yellow,NO,NO,Night,Weekend
08-04-2024,USZ_TZ05_N_KM6,51.0176058,15.677587,I-95 North,Rural,72.5,5,ex- EastBound,440,87,Low,truck,15 minutes,No,Fatal/Injury/Property Damage,Rain/Snow/Clear/Fog,Dry/Wet/Icy/Potholes,32.5,Red,NO,Yes,Off-Peak,Weekday
07-08-2025,XHN_PU48_N_KM32,-6.3079232,107.172085,I-80 East,Urban,44.7,3,ex- EastBound,35,205,High,truck,30 minutes,No,Fatal/Injury/Property Damage,Rain/Snow/Clear/Fog,Dry/Wet/Icy/Potholes,35.4,Green,Yes,Yes,Peak,Weekday
04-03-2024,ZQ_JT34_N_KM5,61.7016711,23.2638837,I-95 South,Rural,40.8,5,ex- EastBound,667,144,High,,30 minutes,Yes,Fatal/Injury/Property Damage,Rain/Snow/Clear/Fog,Dry/Wet/Icy/Potholes,-19.7,Yellow,Yes,NO,Off-Peak,Weekend
07-06-2024,BQMU_KB30_N_KM6,0.6877958,122.9775675,I-90 East,Rural,39.3,2,ex- WestBound,247,199,High,truck,30 minutes,Yes,Fatal/Injury/Property Damage,Rain/Snow/Clear/Fog,Dry/Wet/Icy/Potholes,32.3,Red,NO,NO,Off-Peak,Weekend
4/29/2024,UF_VE88_N_KM8,39.672791,113.732809,I-90 West,Rural,26.9,5,ex- WestBound,59,123,High,Bus,5 minutes,No,Fatal/Injury/Property Damage,Rain/Snow/Clear/Fog,Dry/Wet/Icy/Potholes,11,Red,Yes,Yes,Night,Weekend
12/25/2024,HL_KX47_N_KM52,48.013733,122.737467,I-90 East,ex-highway,71.9,1,ex- NorthBound,497,74,Low,Car,15 minutes,No,Fatal/Injury/Property Damage,Rain/Snow/Clear/Fog,Dry/Wet/Icy/Potholes,-17.5,Green,Yes,NO,Peak,Weekday
07-11-2025,HOF_FQ89_N_KM3,35.201548,114.668936,I-95 South,Urban,38.3,1,ex- WestBound,306,219,Medium,Car,1 hour,Yes,Fatal/Injury/Property Damage,Rain/Snow/Clear/Fog,Dry/Wet/Icy/Potholes,23.3,Green,Yes,NO,Off-Peak,Weekday
5/26/2025,TFIK_YY53_N_KM70,-37.002374,175.848229,I-90 West,ex-highway,76.1,1,ex- NorthBound,824,86,High,,30 minutes,Yes,Fatal/Injury/Property Damage,Rain/Snow/Clear/Fog,Dry/Wet/Icy/Potholes,16.7,Green,NO,Yes,Night,Weekend
8/26/2024,KJZH_TU78_N_KM1,36.1296961,-79.8567326,I-80 East,Rural,75.1,5,ex- NorthBound,56,143,Severe,truck,30 minutes,Yes,Fatal/Injury/Property Damage,Rain/Snow/Clear/Fog,Dry/Wet/Icy/Potholes,-5.5,Green,Yes,Yes,Peak,Weekday
01-07-2025,HVE_GI99_N_KM82,39.4635996,-8.3542102,I-80 West,Rural,47.3,4,ex- WestBound,586,100,Severe,Car,5 minutes,No,Fatal/Injury/Property Damage,Rain/Snow/Clear/Fog,Dry/Wet/Icy/Potholes,-8.1,Green,Yes,NO,Peak,Weekend
12/27/2024,ORE_YF26_N_KM5,38.5274257,22.2033742,I-90 East,ex-highway,64.9,1,ex- WestBound,630,81,Severe,2-wheeler,15 minutes,No,Fatal/Injury/Property Damage,Rain/Snow/Clear/Fog,Dry/Wet/Icy/Potholes,11.5,Red,Yes,NO,Night,Weekday
1/19/2025,KE_CB70_N_KM6,49.854824,36.2090012,I-90 West,ex-highway,58.1,5,ex- NorthBound,127,29,Low,,2 hours,No,Fatal/Injury/Property Damage,Rain/Snow/Clear/Fog,Dry/Wet/Icy/Potholes,20.9,Green,NO,NO,Night,Weekend
09-11-2024,QIZ_LN27_N_KM4,-6.2608384,106.8207875,I-80 East,Urban,45.1,5,ex- NorthBound,815,26,Medium,2-wheeler,30 minutes,No,Fatal/Injury/Property Damage,Rain/Snow/Clear/Fog,Dry/Wet/Icy/Potholes,21.3,Green,NO,NO,Peak,Weekend
06-09-2025,FVDG_JL66_N_KM8,37.540419,120.787999,I-95 North,Rural,76.6,3,ex- NorthBound,494,33,Severe,Bus,2 hours,Yes,Fatal/Injury/Property Damage,Rain/Snow/Clear/Fog,Dry/Wet/Icy/Potholes,-17.3,Yellow,Yes,Yes,Peak,Weekend
3/13/2024,MFX_YS30_N_KM43,-1.3525694,-80.5827272,I-95 South,Urban,63.3,2,ex- SouthBound,467,170,High,Bus,5 minutes,No,Fatal/Injury/Property Damage,Rain/Snow/Clear/Fog,Dry/Wet/Icy/Potholes,-1.6,Red,Yes,Yes,Off-Peak,Weekday
10-12-2024,UZ_LS73_N_KM02,8.8876607,-79.6421415,I-80 West,Rural,48.3,2,ex- NorthBound,679,146,Severe,,15 minutes,Yes,Fatal/Injury/Property Damage,Rain/Snow/Clear/Fog,Dry/Wet/Icy/Potholes,-19.6,Green,NO,NO,Night,Weekend
07-11-2024,IFR_PO18_N_KM81,31.2144668,121.4890556,I-95 North,ex-highway,24.7,4,ex- EastBound,860,219,High,Bus,5 minutes,No,Fatal/Injury/Property Damage,Rain/Snow/Clear/Fog,Dry/Wet/Icy/Potholes,-1.6,Green,Yes,NO,Night,Weekend
11/18/2024,VL_NY62_N_KM35,45.4032761,-73.9503607,I-90 East,Urban,22.7,2,ex- EastBound,393,157,High,,15 minutes,No,Fatal/Injury/Property Damage,Rain/Snow/Clear/Fog,Dry/Wet/Icy/Potholes,-5.1,Yellow,NO,NO,Off-Peak,Weekend
11/16/2024,AZ_BK10_N_KM62,42.038041,-8.324549,I-95 North,ex-highway,64.5,1,ex- WestBound,675,151,Medium,2-wheeler,15 minutes,No,Fatal/Injury/Property Damage,Rain/Snow/Clear/Fog,Dry/Wet/Icy/Potholes,-11.3,Green,NO,NO,Off-Peak,Weekend
2/23/2025,UIC_TN21_N_KM0,36.831603,101.411973,I-80 East,Urban,71.5,3,ex- EastBound,406,183,Low,truck,2 hours,Yes,Fatal/Injury/Property Damage,Rain/Snow/Clear/Fog,Dry/Wet/Icy/Potholes,8.2,Yellow,Yes,Yes,Off-Peak,Weekday
08-07-2024,SUKS_DA47_N_KM4,5.695633,-76.649812,I-95 North,Rural,26.7,5,ex- NorthBound,146,191,Medium,Bus,2 hours,Yes,Fatal/Injury/Property Damage,Rain/Snow/Clear/Fog,Dry/Wet/Icy/Potholes,8.3,Green,NO,Yes,Off-Peak,Weekend
01-01-2025,ZBBU_BI86_N_KM9,49.0096906,2.5479245,I-95 North,Urban,49,1,ex- SouthBound,595,145,Severe,Car,15 minutes,Yes,Fatal/Injury/Property Damage,Rain/Snow/Clear/Fog,Dry/Wet/Icy/Potholes,-8.8,Green,NO,NO,Night,Weekend
4/29/2024,FZU_WS45_N_KM3,31.7304839,117.3437409,I-90 East,ex-highway,36.2,5,ex- WestBound,403,198,Medium,2-wheeler,30 minutes,No,Fatal/Injury/Property Damage,Rain/Snow/Clear/Fog,Dry/Wet/Icy/Potholes,23.2,Green,NO,Yes,Night,Weekday
12-03-2024,VZM_OF27_N_KM7,-8.3728,113.4791,I-90 East,Urban,70.9,3,ex- WestBound,729,143,Severe,2-wheeler,5 minutes,Yes,Fatal/Injury/Property Damage,Rain/Snow/Clear/Fog,Dry/Wet/Icy/Potholes,-13.8,Green,NO,NO,Peak,Weekend
5/26/2024,CB_KY35_N_KM8,51.7157581,17.2266796,I-90 East,Rural,25,4,ex- NorthBound,553,187,High,truck,1 hour,No,Fatal/Injury/Property Damage,Rain/Snow/Clear/Fog,Dry/Wet/Icy/Potholes,29.9,Red,NO,Yes,Off-Peak,Weekend
01-08-2025,TTO_IU46_N_KM91,-15.813904,-43.3043938,I-80 West,Urban,20.2,5,ex- NorthBound,723,59,Medium,Bus,5 minutes,No,Fatal/Injury/Property Damage,Rain/Snow/Clear/Fog,Dry/Wet/Icy/Potholes,6.3,Yellow,NO,Yes,Off-Peak,Weekend
11/27/2024,OAR_PS79_N_KM7,-7.5471852,112.7137227,I-95 North,ex-highway,60.9,5,ex- EastBound,590,133,Medium,truck,1 hour,Yes,Fatal/Injury/Property Damage,Rain/Snow/Clear/Fog,Dry/Wet/Icy/Potholes,-12.7,Green,NO,NO,Night,Weekend
01-12-2024,ZWK_EL58_N_KM9,-29.6540396,-51.1848488,I-80 East,Urban,58.2,3,ex- WestBound,163,148,Medium,Bus,15 minutes,Yes,Fatal/Injury/Property Damage,Rain/Snow/Clear/Fog,Dry/Wet/Icy/Potholes,40.2,Yellow,Yes,NO,Night,Weekend
4/21/2024,NWQD_TS50_N_KM6,43.9252485,21.3734958,I-95 North,Rural,49.9,2,ex- SouthBound,230,54,Severe,Car,15 minutes,No,Fatal/Injury/Property Damage,Rain/Snow/Clear/Fog,Dry/Wet/Icy/Potholes,-5.8,Red,NO,Yes,Night,Weekend
5/17/2024,XFM_ZE43_N_KM24,37.482422,114.693425,I-95 North,ex-highway,77.9,2,ex- NorthBound,90,83,High,Bus,5 minutes,Yes,Fatal/Injury/Property Damage,Rain/Snow/Clear/Fog,Dry/Wet/Icy/Potholes,11.6,Yellow,Yes,Yes,Off-Peak,Weekday
2/23/2024,YFE_JB82_N_KM4,43.0429124,1.9038837,I-95 North,Rural,26.7,3,ex- EastBound,383,65,Low,truck,30 minutes,Yes,Fatal/Injury/Property Damage,Rain/Snow/Clear/Fog,Dry/Wet/Icy/Potholes,33.1,Yellow,Yes,NO,Off-Peak,Weekend
9/27/2024,XANT_LL14_N_KM65,49.0511571,4.0911917,I-80 West,Urban,51.2,4,ex- SouthBound,419,28,High,,15 minutes,No,Fatal/Injury/Property Damage,Rain/Snow/Clear/Fog,Dry/Wet/Icy/Potholes,32.9,Green,NO,Yes,Off-Peak,Weekend
08-05-2024,QRAO_UA70_N_KM54,52.6386769,22.563616,I-95 North,ex-highway,62.1,4,ex- NorthBound,603,117,High,truck,5 minutes,Yes,Fatal/Injury/Property Damage,Rain/Snow/Clear/Fog,Dry/Wet/Icy/Potholes,41.2,Yellow,Yes,NO,Peak,Weekend
2/17/2024,OFJ_ZY30_N_KM7,41.0647873,-8.5507322,I-80 East,Rural,40.2,3,ex- WestBound,659,172,Low,2-wheeler,15 minutes,Yes,Fatal/Injury/Property Damage,Rain/Snow/Clear/Fog,Dry/Wet/Icy/Potholes,10.3,Green,Yes,Yes,Night,Weekday
07-06-2024,HPQW_PH05_N_KM1,23.477539,116.013047,I-80 East,Urban,63.8,3,ex- EastBound,773,31,High,Car,5 minutes,Yes,Fatal/Injury/Property Damage,Rain/Snow/Clear/Fog,Dry/Wet/Icy/Potholes,-8.2,Red,NO,Yes,Peak,Weekend
06-11-2024,RC_YN71_N_KM2,52.3582468,5.5106628,I-95 North,Urban,32.4,2,ex- SouthBound,870,23,Severe,,5 minutes,Yes,Fatal/Injury/Property Damage,Rain/Snow/Clear/Fog,Dry/Wet/Icy/Potholes,21.2,Green,Yes,Yes,Peak,Weekend
2/20/2025,LR_HC83_N_KM0,9.7817,124.4693,I-90 East,Rural,64.4,3,ex- WestBound,683,114,Medium,Car,2 hours,No,Fatal/Injury/Property Damage,Rain/Snow/Clear/Fog,Dry/Wet/Icy/Potholes,36.2,Green,Yes,NO,Off-Peak,Weekday
03-09-2024,ZBJ_HB75_N_KM9,21.2067429,105.4273093,I-90 West,Urban,46.2,3,ex- NorthBound,348,102,Medium,2-wheeler,30 minutes,Yes,Fatal/Injury/Property Damage,Rain/Snow/Clear/Fog,Dry/Wet/Icy/Potholes,-11.7,Yellow,NO,NO,Peak,Weekday
05-12-2025,FQ_AA37_N_KM2,7.5617699,125.6532848,I-95 South,Rural,68.6,4,ex- EastBound,812,85,Low,,30 minutes,No,Fatal/Injury/Property Damage,Rain/Snow/Clear/Fog,Dry/Wet/Icy/Potholes,-16.9,Green,NO,NO,Peak,Weekend
05-01-2024,EI_AH88_N_KM93,5.3523231,100.3573891,I-80 West,Rural,60.9,1,ex- EastBound,830,52,High,truck,30 minutes,No,Fatal/Injury/Property Damage,Rain/Snow/Clear/Fog,Dry/Wet/Icy/Potholes,-1.2,Green,Yes,NO,Night,Weekday
4/22/2024,GE_QW45_N_KM60,34.590396,101.336954,I-90 East,Rural,25.8,2,ex- SouthBound,67,118,Low,Car,2 hours,Yes,Fatal/Injury/Property Damage,Rain/Snow/Clear/Fog,Dry/Wet/Icy/Potholes,20.5,Yellow,NO,NO,Off-Peak,Weekend
03-12-2025,WNO_NR95_N_KM1,51.1632,41.151,I-90 West,Rural,40.3,3,ex- WestBound,887,156,High,,1 hour,Yes,Fatal/Injury/Property Damage,Rain/Snow/Clear/Fog,Dry/Wet/Icy/Potholes,8.2,Green,Yes,Yes,Night,Weekday
07-03-2024,RVAR_ZT67_N_KM61,8.0828988,-80.8460822,I-90 East,Urban,29.3,3,ex- NorthBound,686,177,Severe,,1 hour,No,Fatal/Injury/Property Damage,Rain/Snow/Clear/Fog,Dry/Wet/Icy/Potholes,35.9,Green,NO,NO,Night,Weekday
11-10-2024,GU_ZD45_N_KM05,57.9423223,12.5710873,I-90 East,Urban,29,4,ex- EastBound,373,30,Severe,Car,5 minutes,Yes,Fatal/Injury/Property Damage,Rain/Snow/Clear/Fog,Dry/Wet/Icy/Potholes,6.7,Red,Yes,Yes,Off-Peak,Weekday
12/18/2024,HLGV_IL95_N_KM55,17.7177253,102.1175404,I-95 South,Urban,23.9,3,ex- SouthBound,433,200,Severe,,2 hours,No,Fatal/Injury/Property Damage,Rain/Snow/Clear/Fog,Dry/Wet/Icy/Potholes,42.9,Red,NO,Yes,Peak,Weekend
5/26/2025,BB_TG88_N_KM5,29.743828,122.108265,I-80 East,Urban,60.3,5,ex- SouthBound,348,198,Severe,2-wheeler,5 minutes,Yes,Fatal/Injury/Property Damage,Rain/Snow/Clear/Fog,Dry/Wet/Icy/Potholes,29.9,Yellow,NO,NO,Peak,Weekday
3/24/2025,FKM_WJ57_N_KM98,25.22796,106.78953,I-95 North,Urban,27.1,3,ex- NorthBound,520,166,Medium,Bus,1 hour,No,Fatal/Injury/Property Damage,Rain/Snow/Clear/Fog,Dry/Wet/Icy/Potholes,1.6,Red,Yes,NO,Night,Weekday
5/25/2024,LLUY_FJ70_N_KM06,41.3052226,-72.9268626,I-80 East,Urban,57.9,4,ex- SouthBound,751,41,Low,,1 hour,No,Fatal/Injury/Property Damage,Rain/Snow/Clear/Fog,Dry/Wet/Icy/Potholes,29.8,Green,NO,Yes,Night,Weekday
8/23/2024,HJF_WZ17_N_KM2,16.2639807,-0.0279867,I-80 East,ex-highway,48.4,2,ex- WestBound,828,62,Severe,2-wheeler,15 minutes,No,Fatal/Injury/Property Damage,Rain/Snow/Clear/Fog,Dry/Wet/Icy/Potholes,26.3,Green,NO,Yes,Peak,Weekday
3/28/2025,RHF_PP62_N_KM0,-8.2864014,123.7014716,I-95 North,ex-highway,64.8,1,ex- NorthBound,583,122,High,truck,2 hours,No,Fatal/Injury/Property Damage,Rain/Snow/Clear/Fog,Dry/Wet/Icy/Potholes,32.8,Green,NO,Yes,Peak,Weekend
12/18/2024,CJTT_ED15_N_KM27,-33.6861588,-71.2166838,I-95 South,Urban,70.7,3,ex- EastBound,177,208,High,,2 hours,Yes,Fatal/Injury/Property Damage,Rain/Snow/Clear/Fog,Dry/Wet/Icy/Potholes,36.5,Yellow,Yes,NO,Peak,Weekday
04-01-2025,FGMC_QH40_N_KM3,14.9649534,102.6298251,I-80 West,Rural,20.5,1,ex- SouthBound,27,190,Low,truck,15 minutes,No,Fatal/Injury/Property Damage,Rain/Snow/Clear/Fog,Dry/Wet/Icy/Potholes,8.9,Green,Yes,NO,Off-Peak,Weekday
1/30/2025,JCS_HC33_N_KM93,56.0127743,37.2229806,I-95 South,Urban,66.3,5,ex- SouthBound,732,51,Severe,truck,30 minutes,No,Fatal/Injury/Property Damage,Rain/Snow/Clear/Fog,Dry/Wet/Icy/Potholes,9.6,Yellow,Yes,NO,Peak,Weekday
5/13/2024,FED_HR27_N_KM74,29.476705,121.869339,I-95 North,Urban,57.7,1,ex- NorthBound,684,179,Severe,Bus,2 hours,No,Fatal/Injury/Property Damage,Rain/Snow/Clear/Fog,Dry/Wet/Icy/Potholes,30.6,Yellow,NO,Yes,Peak,Weekday
04-02-2024,HTN_RM80_N_KM2,48.6045918,22.2437042,I-80 West,Urban,56.8,4,ex- NorthBound,460,156,Low,Bus,2 hours,Yes,Fatal/Injury/Property Damage,Rain/Snow/Clear/Fog,Dry/Wet/Icy/Potholes,42.5,Green,Yes,NO,Night,Weekend
2/23/2025,HIZ_YC62_N_KM1,-11.5741352,-77.2663771,I-95 North,Rural,56.8,1,ex- SouthBound,709,214,High,Bus,1 hour,No,Fatal/Injury/Property Damage,Rain/Snow/Clear/Fog,Dry/Wet/Icy/Potholes,22.2,Green,Yes,NO,Off-Peak,Weekday
12-11-2024,WW_XE02_N_KM73,-7.7427496,-35.2280343,I-95 South,Urban,35.8,1,ex- NorthBound,90,117,Low,,5 minutes,No,Fatal/Injury/Property Damage,Rain/Snow/Clear/Fog,Dry/Wet/Icy/Potholes,9.5,Yellow,NO,Yes,Peak,Weekday
4/19/2024,GNQ_SN88_N_KM96,45.130018,3.562575,I-80 East,Urban,38.9,1,ex- NorthBound,267,156,Medium,truck,1 hour,No,Fatal/Injury/Property Damage,Rain/Snow/Clear/Fog,Dry/Wet/Icy/Potholes,24.9,Green,NO,NO,Off-Peak,Weekend
1/14/2024,KV_GN20_N_KM0,22.109412,111.705859,I-80 East,Urban,61.8,4,ex- SouthBound,862,72,High,truck,2 hours,Yes,Fatal/Injury/Property Damage,Rain/Snow/Clear/Fog,Dry/Wet/Icy/Potholes,16.7,Yellow,Yes,Yes,Off-Peak,Weekend
10/20/2024,VKDB_IB92_N_KM90,29.4315861,106.912251,I-80 East,Rural,22.3,2,ex- SouthBound,816,92,High,Bus,1 hour,No,Fatal/Injury/Property Damage,Rain/Snow/Clear/Fog,Dry/Wet/Icy/Potholes,17.8,Red,Yes,NO,Off-Peak,Weekend
02-06-2024,ZIZI_EQ48_N_KM5,32.240853,120.2326771,I-80 West,ex-highway,20.9,5,ex- WestBound,537,110,Medium,,5 minutes,No,Fatal/Injury/Property Damage,Rain/Snow/Clear/Fog,Dry/Wet/Icy/Potholes,-18.2,Green,Yes,Yes,Peak,Weekend
05-10-2025,VWGN_UW86_N_KM8,32.045589,34.876578,I-80 East,Urban,23.1,3,ex- WestBound,652,200,High,truck,2 hours,No,Fatal/Injury/Property Damage,Rain/Snow/Clear/Fog,Dry/Wet/Icy/Potholes,22.6,Red,NO,NO,Night,Weekend
11-06-2024,YLK_TZ05_N_KM44,-17.6680839,-71.3468091,I-90 East,Urban,24.9,5,ex- WestBound,841,195,Medium,,5 minutes,Yes,Fatal/Injury/Property Damage,Rain/Snow/Clear/Fog,Dry/Wet/Icy/Potholes,-18.7,Yellow,Yes,Yes,Off-Peak,Weekday
3/25/2024,JJBY_PL05_N_KM4,-36.7247834,-73.1169808,I-80 East,Rural,31.1,2,ex- SouthBound,832,115,Low,Car,1 hour,No,Fatal/Injury/Property Damage,Rain/Snow/Clear/Fog,Dry/Wet/Icy/Potholes,-9.6,Green,Yes,Yes,Peak,Weekday
3/22/2025,KKPP_HU26_N_KM0,43.586316,15.9230156,I-95 South,ex-highway,41.9,4,ex- SouthBound,96,138,High,2-wheeler,30 minutes,No,Fatal/Injury/Property Damage,Rain/Snow/Clear/Fog,Dry/Wet/Icy/Potholes,-14.2,Yellow,Yes,NO,Off-Peak,Weekend
1/29/2024,KA_TG62_N_KM85,55.1984434,46.3132588,I-95 North,ex-highway,78,3,ex- EastBound,672,217,Medium,2-wheeler,1 hour,No,Fatal/Injury/Property Damage,Rain/Snow/Clear/Fog,Dry/Wet/Icy/Potholes,24.5,Yellow,NO,NO,Peak,Weekend
9/17/2024,EH_PX91_N_KM70,-20.0325016,-44.1411883,I-80 West,Rural,26.8,4,ex- NorthBound,276,160,High,Bus,15 minutes,No,Fatal/Injury/Property Damage,Rain/Snow/Clear/Fog,Dry/Wet/Icy/Potholes,29.9,Yellow,NO,NO,Peak,Weekend
11-04-2024,QGO_VP06_N_KM42,4.637376,-75.570777,I-80 East,Urban,28.5,2,ex- SouthBound,349,164,Severe,2-wheeler,5 minutes,No,Fatal/Injury/Property Damage,Rain/Snow/Clear/Fog,Dry/Wet/Icy/Potholes,31.2,Red,NO,Yes,Night,Weekday
6/19/2025,PWAD_IR79_N_KM8,13.5066291,122.4867454,I-80 East,ex-highway,23.6,1,ex- SouthBound,39,36,Low,2-wheeler,5 minutes,No,Fatal/Injury/Property Damage,Rain/Snow/Clear/Fog,Dry/Wet/Icy/Potholes,13.1,Red,NO,NO,Off-Peak,Weekday
08-10-2024,EJLJ_HY60_N_KM1,24.5063217,91.3565692,I-95 North,Urban,29,4,ex- NorthBound,306,58,Severe,truck,15 minutes,No,Fatal/Injury/Property Damage,Rain/Snow/Clear/Fog,Dry/Wet/Icy/Potholes,24.4,Red,NO,Yes,Peak,Weekend
04-05-2024,BGRO_UV73_N_KM30,30.190334,122.689752,I-80 East,Rural,62.3,3,ex- NorthBound,266,170,Severe,truck,1 hour,No,Fatal/Injury/Property Damage,Rain/Snow/Clear/Fog,Dry/Wet/Icy/Potholes,25.3,Green,Yes,Yes,Night,Weekend
11/20/2024,MMT_BD96_N_KM9,53.3284298,-6.3048641,I-90 West,Rural,36.2,2,ex- SouthBound,648,211,Medium,Bus,30 minutes,No,Fatal/Injury/Property Damage,Rain/Snow/Clear/Fog,Dry/Wet/Icy/Potholes,28.8,Yellow,Yes,Yes,Off-Peak,Weekday
4/13/2024,QM_KD53_N_KM2,52.4856992,13.3488258,I-95 North,Rural,20.7,1,ex- EastBound,540,30,High,Bus,5 minutes,Yes,Fatal/Injury/Property Damage,Rain/Snow/Clear/Fog,Dry/Wet/Icy/Potholes,-0.1,Red,NO,NO,Off-Peak,Weekday
2/17/2025,OXT_BY19_N_KM4,-7.0179497,-52.3613378,I-90 East,Rural,61.8,1,ex- SouthBound,630,115,Medium,2-wheeler,2 hours,Yes,Fatal/Injury/Property Damage,Rain/Snow/Clear/Fog,Dry/Wet/Icy/Potholes,42.4,Yellow,NO,NO,Peak,Weekend
5/24/2025,CN_BD39_N_KM3,58.960787,5.7326598,I-80 East,Urban,62.8,3,ex- WestBound,80,144,Low,2-wheeler,30 minutes,No,Fatal/Injury/Property Damage,Rain/Snow/Clear/Fog,Dry/Wet/Icy/Potholes,33.3,Green,NO,Yes,Off-Peak,Weekend
5/23/2025,UGP_FU38_N_KM3,-7.3519383,109.0809868,I-95 North,Urban,70.6,4,ex- NorthBound,297,102,High,Car,2 hours,No,Fatal/Injury/Property Damage,Rain/Snow/Clear/Fog,Dry/Wet/Icy/Potholes,45,Red,Yes,NO,Night,Weekend
06-03-2025,TG_HO45_N_KM7,42.5246357,87.5395855,I-95 North,Urban,68.1,5,ex- EastBound,703,153,Low,truck,15 minutes,Yes,Fatal/Injury/Property Damage,Rain/Snow/Clear/Fog,Dry/Wet/Icy/Potholes,26.6,Red,Yes,Yes,Night,Weekday
4/15/2025,VRU_XN78_N_KM14,-9.833763,124.458641,I-80 West,Rural,62.7,2,ex- NorthBound,821,179,Medium,Bus,15 minutes,Yes,Fatal/Injury/Property Damage,Rain/Snow/Clear/Fog,Dry/Wet/Icy/Potholes,-16.7,Green,NO,Yes,Night,Weekday
06-01-2025,CZ_OB28_N_KM76,32.6892815,-16.7907398,I-95 North,ex-highway,76.3,3,ex- EastBound,891,27,High,Car,2 hours,Yes,Fatal/Injury/Property Damage,Rain/Snow/Clear/Fog,Dry/Wet/Icy/Potholes,35.7,Red,Yes,Yes,Off-Peak,Weekend
1/28/2024,OB_IV91_N_KM32,44.584109,14.8573931,I-95 North,ex-highway,53.5,3,ex- NorthBound,687,134,High,truck,30 minutes,Yes,Fatal/Injury/Property Damage,Rain/Snow/Clear/Fog,Dry/Wet/Icy/Potholes,-12.5,Green,Yes,Yes,Off-Peak,Weekday
11-04-2024,GOC_PM85_N_KM2,58.251749,57.612388,I-80 East,Rural,33.1,4,ex- EastBound,158,24,Severe,2-wheeler,2 hours,Yes,Fatal/Injury/Property Damage,Rain/Snow/Clear/Fog,Dry/Wet/Icy/Potholes,6.2,Yellow,Yes,NO,Off-Peak,Weekend
